<?xml version="1.0" encoding="utf-8"?>						
<odoo>						
    <data>						


     <!-- Tipos de Faltas -->
     <!-- Caso is continued cuenta los fines de semana -->
        <record id="hr_holidays_status_licencia" model="hr.leave.type">
            <field name="name">LICENCIA</field>
            <field name="is_continued">True</field>
        </record>

        <record id="hr_holidays_sin_pago" model="hr.leave.type">
            <field name="name">FALTA</field>
        </record>


    </data>
</odoo>                     
