<?xml version="1.0" encoding="utf-8"?>						
<odoo>						
    <data>						


              <!-- Institución Autorizada APV - APVC : Cias Seguros de Vida -->
        <record id="hr_apv_metlife" model="hr.apv">
            <field name="codigo">100</field>
            <field name="name">ABN AMRO (CHILE) SEGUROS DE VIDA S.A</field>
        </record>

        <record id="hr_apv_agf" model="hr.apv">
            <field name="codigo">101</field>
            <field name="name">AGF ALLIANZ CHILE COMPAÑIA DE SEGUROS VIDA S.A</field>
        </record>

        <record id="hr_apv_santander" model="hr.apv">
            <field name="codigo">102</field>
            <field name="name">SANTANDER SEGUROS DE VIDA S.A.</field>
        </record>

        <record id="hr_apv_bci" model="hr.apv">
            <field name="codigo">103</field>
            <field name="name">BCI SEGUROS VIDA S.A.</field>
        </record>

        <record id="hr_apv_banchile" model="hr.apv">
            <field name="codigo">104</field>
            <field name="name">BANCHILE SEGUROS DE VIDA S.A.</field>
        </record>

        <record id="hr_apv_bbva" model="hr.apv">
            <field name="codigo">105</field>
            <field name="name">BBVA SEGUROS DE VIDA S.A.</field>
        </record>

        <record id="hr_apv_bice" model="hr.apv">
            <field name="codigo">106</field>
            <field name="name">BICE VIDA COMPAÑIA DE SEGUROS S.A.</field>
        </record>

        <record id="hr_apv_chilena" model="hr.apv">
            <field name="codigo">107</field>
            <field name="name">CHILENA CONSOLIDADA SEGUROS DE VIDA S.A.</field>
        </record>
 
        <record id="hr_apv_cigna" model="hr.apv">
            <field name="codigo">108</field>
            <field name="name">CIGNA COMPAÑIA DE SEGUROS DE VIDA S.A.</field>
        </record>

        <record id="hr_apv_cnlife" model="hr.apv">
            <field name="codigo">109</field>
            <field name="name">CN LIFE, COMPAÑIA DE SEGUROS DE VIDA S.A.</field>
        </record>

        <record id="hr_apv_cardif" model="hr.apv">
            <field name="codigo">110</field>
            <field name="name">COMPAÑIA DE SEGUROS DE VIDA CARDIF S.A.</field>
        </record>

        <record id="hr_apv_conso" model="hr.apv">
            <field name="codigo">111</field>
            <field name="name">CIA DE SEG. DE VIDA CONSORCIO NACIONAL DE SEG S.A.</field>
        </record>

        <record id="hr_apv_huelen" model="hr.apv">
            <field name="codigo">113</field>
            <field name="name">COMPAÑIA DE SEGUROS DE VIDA HUELEN S.A.</field>
        </record>

        <record id="hr_apv_vitalis" model="hr.apv">
            <field name="codigo">115</field>
            <field name="name">COMPAÑIA DE SEGUROS DE VIDA VITALIS S.A.</field>
        </record>

        <record id="hr_apv_confuturo" model="hr.apv">
            <field name="codigo">116</field>
            <field name="name">COMPAÑIA DE SEGUROS CONFUTURO S.A.</field>
        </record>

        <record id="hr_apv_euro" model="hr.apv">
            <field name="codigo">117</field>
            <field name="name">EUROAMERICA SEGUROS DE VIDA S.A.</field>
        </record>

        <record id="hr_apv_sura" model="hr.apv">
            <field name="codigo">118</field>
            <field name="name">SEGUROS DE VIDA SURA S.A.</field>
        </record>


        <record id="hr_apv_metlife" model="hr.apv">
            <field name="codigo">121</field>
            <field name="name">METLIFE CHILE SEGUROS DE VIDA S.A</field>
        </record>

        <record id="hr_apv_mapfre" model="hr.apv">
            <field name="codigo">123</field>
            <field name="name">MAPFRE COMPAÑIA DE SEGUROS DE VIDA DE CHILE S.A.</field>
        </record>

        <record id="hr_apv_mutual" model="hr.apv">
            <field name="codigo">125</field>
            <field name="name">MUTUAL DE SEGUROS DE CHILE</field>
        </record>

        <record id="hr_apv_carabineros" model="hr.apv">
            <field name="codigo">126</field>
            <field name="name">MUTUALIDAD DE CARABINEROS</field>
        </record>

        <record id="hr_apv_ejercito" model="hr.apv">
            <field name="codigo">127</field>
            <field name="name">MUTUALIDAD DEL EJERCITO Y AVIACION</field>
        </record>

        <record id="hr_apv_ohio" model="hr.apv">
            <field name="codigo">128</field>
            <field name="name">OHIO NATIONAL SEGUROS DE VIDA S.A.</field>
        </record>

        <record id="hr_apv_principal" model="hr.apv">
            <field name="codigo">129</field>
            <field name="name">PRINCIPAL COMPAÑIA DE SEGUROS DE VIDA CHILE S.A.</field>
        </record>
                <record id="hr_apv_renta" model="hr.apv">
            <field name="codigo">130</field>
            <field name="name">RENTA NACIONAL COMPAÑIA DE SEGUROS DE VIDA S.A.</field>
        </record>

        <record id="hr_apv_security" model="hr.apv">
            <field name="codigo">131</field>
            <field name="name">SEGUROS DE VIDA SECURITY PREVISION S.A.</field>
        </record>

        <record id="hr_apv_penta" model="hr.apv">
            <field name="codigo">134</field>
            <field name="name">COMPAÑIA DE SEGUROS GENERALES PENTA-SECURITY S.A.</field>
        </record>

        <record id="hr_apv_pentavida" model="hr.apv">
            <field name="codigo">135</field>
            <field name="name">PENTA VIDA COMPAÑIA DE SEGUROS DE VIDA S.A.</field>
        </record>

        <record id="hr_apv_ace" model="hr.apv">
            <field name="codigo">136</field>
            <field name="name">ACE SEGUROS S.A.</field>
        </record>









    </data>
</odoo>                     
