<?xml version="1.0" encoding="utf-8"?>						
<odoo>						
    <data>						



        <!-- Indicadores Inputs -->

        <record id="hr_indicadores_enero_2018" model="hr.indicadores">
            <field name="month">1</field>
            <field name="year">2018</field>
            <field name="name">Enero 2018</field>
            <field name="uf">26824.94</field>
            <field name="utm">47019</field>
            <field name="uta">564228</field>
            <field name="asignacion_familiar_primer">289608</field>
            <field name="asignacion_familiar_segundo">423004</field>
            <field name="asignacion_familiar_tercer">659743</field>
            <field name="caja_compensacion">0.60</field>
            <field name="asignacion_familiar_monto_a">11337</field>
            <field name="asignacion_familiar_monto_b">6957</field>
            <field name="asignacion_familiar_monto_c">2199</field>
            <field name="fonasa">6.40</field>
            <field name="mutual_seguridad">0.95</field>
            <field name="isl">0.93</field>
            <field name="pensiones_ips">18.84</field>
            <field name="sueldo_minimo">276000</field>
            <field name="sueldo_minimo_otro">206041</field>
            <field name="tope_imponible_afp">78.3</field>
            <field name="tope_imponible_ips">60</field>
            <field name="tope_imponible_salud">7</field>
            <field name="tope_imponible_seguro_cesantia">117.5</field>
            <field name="deposito_convenido">900</field>
            <field name="contrato_plazo_fijo_empleador">3</field>
            <field name="contrato_plazo_fijo_trabajador">0</field>
            <field name="contrato_plazo_indefinido_empleador">2.4</field>
            <field name="contrato_plazo_indefinido_trabajador">0.6</field>
            <field name="contrato_plazo_indefinido_empleador_otro">0.8</field>
            <field name="tasa_afp_capital">11.44</field>
            <field name="tasa_afp_cuprum">11.48</field>
            <field name="tasa_afp_habitat">11.27</field>
            <field name="tasa_afp_planvital">10.41</field>
            <field name="tasa_afp_provida">11.45</field>
            <field name="tasa_afp_modelo">10.77</field>
            <field name="tasa_sis_cuprum">1.41</field>
            <field name="tasa_sis_capital">1.41</field>
            <field name="tasa_sis_provida">1.41</field>
            <field name="tasa_sis_planvital">1.41</field>
            <field name="tasa_sis_habitat">1.41</field>
            <field name="tasa_sis_modelo">1.41</field>
            <field name="tasa_independiente_capital">12.85</field>
            <field name="tasa_independiente_cuprum">12.89</field>
            <field name="tasa_independiente_habitat">12.68</field>
            <field name="tasa_independiente_planvital">11.82</field>
            <field name="tasa_independiente_provida">12.86</field>
            <field name="tasa_independiente_modelo">12.18</field>
            <field name="tope_anual_apv">600</field>
            <field name="tope_mensual_apv">50</field>
            <field name="ipc">0.5</field>
        </record>

        <record id="hr_indicadores_febrero_2018" model="hr.indicadores">
            <field name="month">2</field>
            <field name="year">2018</field>
            <field name="name">Febrero 2018</field>
            <field name="uf">26923.70</field>
            <field name="utm">47066</field>
            <field name="uta">564792</field>
            <field name="asignacion_familiar_primer">289608</field>
            <field name="asignacion_familiar_segundo">423004</field>
            <field name="asignacion_familiar_tercer">659743</field>
            <field name="caja_compensacion">0.60</field>
            <field name="asignacion_familiar_monto_a">11337</field>
            <field name="asignacion_familiar_monto_b">6957</field>
            <field name="asignacion_familiar_monto_c">2199</field>
            <field name="fonasa">6.40</field>
            <field name="mutual_seguridad">0.95</field>
            <field name="isl">0.93</field>
            <field name="pensiones_ips">18.84</field>
            <field name="sueldo_minimo">276000</field>
            <field name="sueldo_minimo_otro">206041</field>
            <field name="tope_imponible_afp">78.3</field>
            <field name="tope_imponible_ips">60</field>
            <field name="tope_imponible_salud">7</field>
            <field name="tope_imponible_seguro_cesantia">117.5</field>
            <field name="deposito_convenido">900</field>
            <field name="contrato_plazo_fijo_empleador">3</field>
            <field name="contrato_plazo_fijo_trabajador">0</field>
            <field name="contrato_plazo_indefinido_empleador">2.4</field>
            <field name="contrato_plazo_indefinido_trabajador">0.6</field>
            <field name="contrato_plazo_indefinido_empleador_otro">0.8</field>
            <field name="tasa_afp_capital">11.44</field>
            <field name="tasa_afp_cuprum">11.48</field>
            <field name="tasa_afp_habitat">11.27</field>
            <field name="tasa_afp_planvital">10.41</field>
            <field name="tasa_afp_provida">11.45</field>
            <field name="tasa_afp_modelo">10.77</field>
            <field name="tasa_sis_cuprum">1.41</field>
            <field name="tasa_sis_capital">1.41</field>
            <field name="tasa_sis_provida">1.41</field>
            <field name="tasa_sis_planvital">1.41</field>
            <field name="tasa_sis_habitat">1.41</field>
            <field name="tasa_sis_modelo">1.41</field>
            <field name="tasa_independiente_capital">12.85</field>
            <field name="tasa_independiente_cuprum">12.89</field>
            <field name="tasa_independiente_habitat">12.68</field>
            <field name="tasa_independiente_planvital">11.82</field>
            <field name="tasa_independiente_provida">12.86</field>
            <field name="tasa_independiente_modelo">12.18</field>
            <field name="tope_anual_apv">600</field>
            <field name="tope_mensual_apv">50</field>
            <field name="ipc">0</field>
        </record>

        <record id="hr_indicadores_marzo_2018" model="hr.indicadores">
            <field name="month">3</field>
            <field name="year">2018</field>
            <field name="name">Marzo 2018</field>
            <field name="uf">26966.89</field>
            <field name="utm">47301</field>
            <field name="uta">567612</field>
            <field name="asignacion_familiar_primer">289608</field>
            <field name="asignacion_familiar_segundo">423004</field>
            <field name="asignacion_familiar_tercer">659743</field>
            <field name="caja_compensacion">0.60</field>
            <field name="asignacion_familiar_monto_a">11337</field>
            <field name="asignacion_familiar_monto_b">6957</field>
            <field name="asignacion_familiar_monto_c">2199</field>
            <field name="fonasa">6.40</field>
            <field name="mutual_seguridad">0.95</field>
            <field name="isl">0.93</field>
            <field name="pensiones_ips">18.84</field>
            <field name="sueldo_minimo">276000</field>
            <field name="sueldo_minimo_otro">206041</field>
            <field name="tope_imponible_afp">78.3</field>
            <field name="tope_imponible_ips">60</field>
            <field name="tope_imponible_salud">7</field>
            <field name="tope_imponible_seguro_cesantia">117.5</field>
            <field name="deposito_convenido">900</field>
            <field name="contrato_plazo_fijo_empleador">3</field>
            <field name="contrato_plazo_fijo_trabajador">0</field>
            <field name="contrato_plazo_indefinido_empleador">2.4</field>
            <field name="contrato_plazo_indefinido_trabajador">0.6</field>
            <field name="contrato_plazo_indefinido_empleador_otro">0.8</field>
            <field name="tasa_afp_capital">11.44</field>
            <field name="tasa_afp_cuprum">11.48</field>
            <field name="tasa_afp_habitat">11.27</field>
            <field name="tasa_afp_planvital">10.41</field>
            <field name="tasa_afp_provida">11.45</field>
            <field name="tasa_afp_modelo">10.77</field>
            <field name="tasa_sis_cuprum">1.41</field>
            <field name="tasa_sis_capital">1.41</field>
            <field name="tasa_sis_provida">1.41</field>
            <field name="tasa_sis_planvital">1.41</field>
            <field name="tasa_sis_habitat">1.41</field>
            <field name="tasa_sis_modelo">1.41</field>
            <field name="tasa_independiente_capital">12.85</field>
            <field name="tasa_independiente_cuprum">12.89</field>
            <field name="tasa_independiente_habitat">12.68</field>
            <field name="tasa_independiente_planvital">11.82</field>
            <field name="tasa_independiente_provida">12.86</field>
            <field name="tasa_independiente_modelo">12.18</field>
            <field name="tope_anual_apv">600</field>
            <field name="tope_mensual_apv">50</field>
            <field name="ipc">0.2</field>
        </record>

        <record id="hr_indicadores_abril_2018" model="hr.indicadores">
            <field name="month">4</field>
            <field name="year">2018</field>
            <field name="name">Abril 2018</field>
            <field name="uf">27004.63</field>
            <field name="utm">47301</field>
            <field name="uta">567612</field>
            <field name="asignacion_familiar_primer">289608</field>
            <field name="asignacion_familiar_segundo">423004</field>
            <field name="asignacion_familiar_tercer">659743</field>
            <field name="caja_compensacion">0.60</field>
            <field name="asignacion_familiar_monto_a">11337</field>
            <field name="asignacion_familiar_monto_b">6957</field>
            <field name="asignacion_familiar_monto_c">2199</field>
            <field name="fonasa">6.40</field>
            <field name="mutual_seguridad">0.95</field>
            <field name="isl">0.93</field>
            <field name="pensiones_ips">18.84</field>
            <field name="sueldo_minimo">276000</field>
            <field name="sueldo_minimo_otro">206041</field>
            <field name="tope_imponible_afp">78.3</field>
            <field name="tope_imponible_ips">60</field>
            <field name="tope_imponible_salud">7</field>
            <field name="tope_imponible_seguro_cesantia">117.5</field>
            <field name="deposito_convenido">900</field>
            <field name="contrato_plazo_fijo_empleador">3</field>
            <field name="contrato_plazo_fijo_trabajador">0</field>
            <field name="contrato_plazo_indefinido_empleador">2.4</field>
            <field name="contrato_plazo_indefinido_trabajador">0.6</field>
            <field name="contrato_plazo_indefinido_empleador_otro">0.8</field>
            <field name="tasa_afp_capital">11.44</field>
            <field name="tasa_afp_cuprum">11.48</field>
            <field name="tasa_afp_habitat">11.27</field>
            <field name="tasa_afp_planvital">10.41</field>
            <field name="tasa_afp_provida">11.45</field>
            <field name="tasa_afp_modelo">10.77</field>
            <field name="tasa_sis_cuprum">1.41</field>
            <field name="tasa_sis_capital">1.41</field>
            <field name="tasa_sis_provida">1.41</field>
            <field name="tasa_sis_planvital">1.41</field>
            <field name="tasa_sis_habitat">1.41</field>
            <field name="tasa_sis_modelo">1.41</field>
            <field name="tasa_independiente_capital">12.85</field>
            <field name="tasa_independiente_cuprum">12.89</field>
            <field name="tasa_independiente_habitat">12.68</field>
            <field name="tasa_independiente_planvital">11.82</field>
            <field name="tasa_independiente_provida">12.86</field>
            <field name="tasa_independiente_modelo">12.18</field>
            <field name="tope_anual_apv">600</field>
            <field name="tope_mensual_apv">50</field>
            <field name="ipc">0.3</field>
        </record>

        <record id="hr_indicadores_mayo_2018" model="hr.indicadores">
            <field name="month">5</field>
            <field name="year">2018</field>
            <field name="name">Mayo 2018</field>
            <field name="uf">27078.32</field>
            <field name="utm">47396</field>
            <field name="uta">568752</field>
            <field name="asignacion_familiar_primer">289608</field>
            <field name="asignacion_familiar_segundo">423004</field>
            <field name="asignacion_familiar_tercer">659743</field>
            <field name="caja_compensacion">0.60</field>
            <field name="asignacion_familiar_monto_a">11337</field>
            <field name="asignacion_familiar_monto_b">6957</field>
            <field name="asignacion_familiar_monto_c">2199</field>
            <field name="fonasa">6.40</field>
            <field name="mutual_seguridad">0.95</field>
            <field name="isl">0.93</field>
            <field name="pensiones_ips">18.84</field>
            <field name="sueldo_minimo">276000</field>
            <field name="sueldo_minimo_otro">206041</field>
            <field name="tope_imponible_afp">78.3</field>
            <field name="tope_imponible_ips">60</field>
            <field name="tope_imponible_salud">7</field>
            <field name="tope_imponible_seguro_cesantia">117.5</field>
            <field name="deposito_convenido">900</field>
            <field name="contrato_plazo_fijo_empleador">3</field>
            <field name="contrato_plazo_fijo_trabajador">0</field>
            <field name="contrato_plazo_indefinido_empleador">2.4</field>
            <field name="contrato_plazo_indefinido_trabajador">0.6</field>
            <field name="contrato_plazo_indefinido_empleador_otro">0.8</field>
            <field name="tasa_afp_capital">11.44</field>
            <field name="tasa_afp_cuprum">11.48</field>
            <field name="tasa_afp_habitat">11.27</field>
            <field name="tasa_afp_planvital">10.41</field>
            <field name="tasa_afp_provida">11.45</field>
            <field name="tasa_afp_modelo">10.77</field>
            <field name="tasa_sis_cuprum">1.41</field>
            <field name="tasa_sis_capital">1.41</field>
            <field name="tasa_sis_provida">1.41</field>
            <field name="tasa_sis_planvital">1.41</field>
            <field name="tasa_sis_habitat">1.41</field>
            <field name="tasa_sis_modelo">1.41</field>
            <field name="tasa_independiente_capital">12.85</field>
            <field name="tasa_independiente_cuprum">12.89</field>
            <field name="tasa_independiente_habitat">12.68</field>
            <field name="tasa_independiente_planvital">11.82</field>
            <field name="tasa_independiente_provida">12.86</field>
            <field name="tasa_independiente_modelo">12.18</field>
            <field name="tope_anual_apv">600</field>
            <field name="tope_mensual_apv">50</field>
            <field name="ipc">0.3</field>
        </record>

        <record id="hr_indicadores_junio_2018" model="hr.indicadores">
            <field name="month">6</field>
            <field name="year">2018</field>
            <field name="name">Junio 2018</field>
            <field name="uf">27158.77</field>
            <field name="utm">47538</field>
            <field name="uta">570456</field>
            <field name="asignacion_familiar_primer">289608</field>
            <field name="asignacion_familiar_segundo">423004</field>
            <field name="asignacion_familiar_tercer">659743</field>
            <field name="caja_compensacion">0.60</field>
            <field name="asignacion_familiar_monto_a">11337</field>
            <field name="asignacion_familiar_monto_b">6957</field>
            <field name="asignacion_familiar_monto_c">2199</field>
            <field name="fonasa">6.40</field>
            <field name="mutual_seguridad">0.95</field>
            <field name="isl">0.93</field>
            <field name="pensiones_ips">18.84</field>
            <field name="sueldo_minimo">276000</field>
            <field name="sueldo_minimo_otro">206041</field>
            <field name="tope_imponible_afp">78.3</field>
            <field name="tope_imponible_ips">60</field>
            <field name="tope_imponible_salud">7</field>
            <field name="tope_imponible_seguro_cesantia">117.5</field>
            <field name="deposito_convenido">900</field>
            <field name="contrato_plazo_fijo_empleador">3</field>
            <field name="contrato_plazo_fijo_trabajador">0</field>
            <field name="contrato_plazo_indefinido_empleador">2.4</field>
            <field name="contrato_plazo_indefinido_trabajador">0.6</field>
            <field name="contrato_plazo_indefinido_empleador_otro">0.8</field>
            <field name="tasa_afp_capital">11.44</field>
            <field name="tasa_afp_cuprum">11.48</field>
            <field name="tasa_afp_habitat">11.27</field>
            <field name="tasa_afp_planvital">10.41</field>
            <field name="tasa_afp_provida">11.45</field>
            <field name="tasa_afp_modelo">10.77</field>
            <field name="tasa_sis_cuprum">1.41</field>
            <field name="tasa_sis_capital">1.41</field>
            <field name="tasa_sis_provida">1.41</field>
            <field name="tasa_sis_planvital">1.41</field>
            <field name="tasa_sis_habitat">1.41</field>
            <field name="tasa_sis_modelo">1.41</field>
            <field name="tasa_independiente_capital">12.85</field>
            <field name="tasa_independiente_cuprum">12.89</field>
            <field name="tasa_independiente_habitat">12.68</field>
            <field name="tasa_independiente_planvital">11.82</field>
            <field name="tasa_independiente_provida">12.86</field>
            <field name="tasa_independiente_modelo">12.18</field>
            <field name="tope_anual_apv">600</field>
            <field name="tope_mensual_apv">50</field>
            <field name="ipc">0</field>
        </record>
    </data>                               
</odoo>     