<?xml version="1.0" encoding="utf-8"?>
<odoo>
	<data noupdate="1">

		<record id="hr_resource_monthly_cl" model="resource.calendar">
			<field name="name">Mensual</field>
			<field name="hours_per_day">9</field>
			<field name="attendance_ids"
				eval="[
	                (0, 0, {'name': 'Lunes Mañana', 'dayofweek': '0', 'hour_from': 8.5, 'hour_to': 12.5, 'day_period': 'morning'}),
	                (0, 0, {'name': 'Lunes Tarde', 'dayofweek': '0', 'hour_from': 13.5, 'hour_to': 18.5, 'day_period': 'afternoon'}),
	                (0, 0, {'name': 'Martes Mañana', 'dayofweek': '1', 'hour_from': 8.5, 'hour_to': 12.5, 'day_period': 'morning'}),
	                (0, 0, {'name': 'Martes Tarde', 'dayofweek': '1', 'hour_from': 13.5, 'hour_to': 18.5, 'day_period': 'afternoon'}),
	                (0, 0, {'name': 'Miercoles Mañana', 'dayofweek': '2', 'hour_from': 8.5, 'hour_to': 12.5, 'day_period': 'morning'}),
	                (0, 0, {'name': 'Miercoles Tarde', 'dayofweek': '2', 'hour_from': 13.5, 'hour_to': 18.5, 'day_period': 'afternoon'}),
	                (0, 0, {'name': 'Jueves Mañana', 'dayofweek': '3', 'hour_from': 8.5, 'hour_to': 12.5, 'day_period': 'morning'}),
	                (0, 0, {'name': 'Jueves Tarde', 'dayofweek': '3', 'hour_from': 13.5, 'hour_to': 18.5, 'day_period': 'afternoon'}),
	                (0, 0, {'name': 'Viernes Mañana', 'dayofweek': '4', 'hour_from': 8.5, 'hour_to': 12.5, 'day_period': 'morning'}),
	                (0, 0, {'name': 'Viernes Tarde', 'dayofweek': '4', 'hour_from': 13.5, 'hour_to': 18.5, 'day_period': 'afternoon'})
	            ]" />
		</record>

		<record id="base.main_company" model="res.company">
			<field name="resource_calendar_id" ref="hr_resource_monthly_cl" />
		</record>


	</data>
</odoo>                     
